snp,importance
rs2814778,0.1587249
rs1800414,0.10951443
rs1229984,0.052627202
rs58827274,0.044476606
rs3811801,0.04003535
rs16891982,0.039535098
rs513265,0.030973833
rs28777,0.024607494
rs12498138,0.023095045
rs1919550,0.021479271
rs638854,0.020912223
rs2042762,0.018592188
rs1426654,0.013059082
rs3827760,0.011814324
rs575377,0.011416852
rs6123723,0.009209463
rs1871534,0.008754231
rs4907251,0.008679498
rs12439433,0.008492321
rs4833103,0.0078047393
rs35397,0.0073058945
rs260690,0.006916669
rs3737576,0.0064631943
rs2470102,0.0058191367
rs3823159,0.0049051675
rs239031,0.004723611
rs8072587,0.004679592
rs554362,0.00448007
rs2024566,0.003995775
rs3784230,0.003357251
rs5749689,0.003099589
rs2196051,0.003075508
rs1572018,0.0029851964
rs2824986,0.002982217
rs534029120,0.002932687
rs174570,0.0028385846
rs149768401,0.0028047387
rs12913832,0.0027652017
rs17034666,0.002744609
rs671,0.0026515927
rs2072053,0.0026258554
rs9484264,0.0026119654
rs7226659,0.0025826609
rs535319466,0.0025468292
rs11227699,0.0025417975
rs4684104,0.0025248197
rs7722456,0.0024202003
rs7997709,0.0022755235
rs7326934,0.0021990566
rs2920295,0.002197109
rs1369093,0.0020585123
rs116783706,0.0020254108
rs17005847,0.0020020548
rs6556352,0.0019917586
rs12683637,0.0019779333
rs6485686,0.0019768989
rs9410307,0.001942371
